יום ראשון,יום שני,יום שלישי,יום רביעי,יום חמישי,יום שישי,שבת
"Warm Up

500m Row
10 PVC Pass Through
10 Air Squat
10 Scap Pull-Ups
20 sec Handstand Hold","Warm Up

5 min Easy Bike
Dynamic Legs
3x60m Build Up Runs","Warm Up

1000m Row
Mobility
Barbell Flow","Full Rest Day

Walk
Mobility
Sauna
Easy Swim
Stretching","Handstand Walk Skill

30 min practice
Walk Turns
Obstacle Walk
Shoulder Taps
Kick Up Under Fatigue","2 Hour Group Training

Recovery After:
Protein
Hydration
Mobility
Early Sleep","5KM Run

Zone 2-3 Pace"
"Strength

Snatch
5x2 @ 75-80%

Every 90 sec x5:
1 Heavy Squat Snatch","Engine

5 Rounds:

3 min hard Echo Bike / Ski
2 min easy pace","EMOM 20

12/10 Cal Bike
10 Toes-to-Bar
2 Ring Muscle-Up
2 Squat Snatch @ 75%
Rest",,"Ring Muscle-Up

Every 2 min x8:

2-4 Quality Ring MU",,"Finisher

3 Rounds:

20 Walking Lunges
20 Air Squats
1 min Nasal Breathing"
"Gymnastics

5 Rounds:

10 Toes-to-Bar
6 Chest-to-Bar
2-4 Bar Muscle-Up

Rest 90 sec בין סיבובים","Sprint Conditioning

10 Rounds:

100m Sprint
10 Burpees
Rest 60 sec","Main WOD

AMRAP 18:

12 Deadlift 100/70
9 HSPU
6 Bar Facing Burpees
200m Run",,"Metcon

For Time:

30 Wall Balls
30 Toes-to-Bar
20 Power Snatch 50/35
10 Bar Muscle-Up",,
"Conditioning

4 Rounds For Time:

12 Thrusters 50/35
12 Pull-Ups
200m Run","Core

3 Rounds:

20 GHD Sit-Ups
1 min Plank
20 Hollow Rocks","Finisher

4x50m Heavy Farmer Carry",,"Accessory

3 Rounds:

15 DB Shoulder Press
15 Ring Rows
20 Band Pull Apart",,
"Cool Down

Shoulder Mobility
Ankle Mobility
5 min Breathing",,,,,,
